{
    "loss": 2.035815477371216,
    "accuracy": 0.6887177228927612
}