{
    "loss": 2.978255033493042,
    "accuracy": 0.7412777543067932
}